iteration,annealingParameter,logNormalization
0,1.9130301639737668E-5,-0.19234939189004852
5,0.00792872550245287,-14.460072935474715
9,0.03967051888761883,-66.78150664853347
13,0.14285714285714285,-232.7626479372972
