round,count,rate
0,0.19172591818619739,0.09586295909309869
1,0.3633576615628779,0.09083941539071948
2,0.6819992020347199,0.08524990025433998
3,1.3792711085957805,0.08620444428723628
4,2.448008002755307,0.07896800008888087
5,5.195709282564251,0.08247157591371827
6,10.013051500574484,0.07946866270297209
7,18.857816824155357,0.07513074431934405
8,36.36869878504629,0.07273739757009258
