round,value
0,4.215778906995952
1,4.504218602127662
2,4.865109501691711
3,4.800164993048179
4,5.331678647518424
5,5.062694867418319
6,5.2917882721751175
7,5.65506517378218
8,5.8740430191797905
