round,value
0,-1173.291765792962
1,-6809.976671830302
2,-1410.692113488412
3,-1589.2338778039775
4,-1602.793354571565
5,-1839.7557691202198
6,-2185.2668700201534
7,-1749.7484753537412
8,-2032.8301973415728
