round,lowest,average
0,1.8926426506410226E-7,0.3977458704291496
1,5.583689668345347E-5,0.3565401996960483
2,4.750108299295052E-9,0.3049843569011842
3,4.219556462269622E-11,0.3142621438502601
4,1.3419084733674367E-5,0.23833162178308234
5,4.196989483230972E-5,0.2767578760830973
6,1.3192923326718432E-6,0.24403024683212612
7,0.008665525410054735,0.19213354660254564
8,0.07629397951242971,0.16085099726002994
