"","chain","mean","sd","min","median","max"
"1",0,-1622.38687515683,22.8522366170393,-1699.25130619693,-1615.82187901982,-1580.98820825418
"2",1,-1531.22720703693,42.3909209873955,-1592.11119939348,-1540.83415338445,-1244.72289633018
"3",2,-1409.77398926174,89.2868019475355,-1505.21008538701,-1432.47446756472,-845.208612742532
"4",3,-1153.10593863261,133.992945143927,-1355.55005334407,-1165.38529763684,-593.32512931949
"5",4,-521.512231294402,113.095964332467,-777.622753685619,-513.875004938675,-253.584572753925
"6",5,-241.405546742428,68.7464734678286,-512.103577356922,-238.49267081327,-97.3844414047703
"7",6,-173.660742566308,64.1619272253984,-426.278041592211,-184.18923993407,-43.3507457367179
"8",7,-170.671171829314,57.5638002451354,-232.823903048038,-189.122714251455,-21.1735565586664
