"","chain","mean","sd","min","median","max"
"1",0,1403.69834263146,24.9052441009407,1371.16442897194,1396.51807198094,1580.73558967629
"2",1,1461.94904417502,32.2487469956982,1370.82359052225,1464.43085796029,1581.07986156199
"3",2,1504.8492172083,31.6409490851807,1426.49196824087,1499.22523154044,1586.83263889157
"4",3,1564.93826208239,19.441784649913,1496.7927106486,1575.65966516393,1590.16742326506
"5",4,1582.14986643826,5.83278684410593,1570.99536004258,1580.61725527748,1611.78435457486
"6",5,1604.29470317476,21.5524002929481,1573.40636279491,1599.45976588093,1729.8789883575
"7",6,1667.43939173025,61.2284825149615,1571.89374627672,1656.90236332856,1962.8758135018
"8",7,59058.3710695726,510483.670480595,1583.2265796391,2311.86907722983,10077384.2826489
