"","mean","sd","min","median","max"
"1",-1622.38687515683,22.8522366170393,-1699.25130619693,-1615.82187901982,-1580.98820825418
