"","index_0","mean","sd","min","median","max"
"1",0,173.055497692919,37.3288657376419,104.955442029765,198.26638641678,211.289514617144
"2",1,151.812679959022,37.7817483686602,-1.08642126377511,131.191024030092,244.818346807651
