"","entry","mean","sd","min","median","max"
"1",0,0.528657341773475,0.126180668574854,0.265027752222265,0.545543681155931,0.999185265045019
"2",1,0.471342658226525,0.126180668574854,0.00081473495498125,0.454456318844069,0.734972247777735
