"","index_0","mean","sd","min","median","max"
"1",0,25.7980680042579,6.39342415739695,14.8319866013579,23.7554506906002,49.8544672975353
"2",1,29.0287849713737,7.39542648587701,14.8943286110182,28.1103237996165,76.4203346124786
