chain,value
0,39.502516782018056
1,65.90173412268236
2,73.99045595831198
3,71.85071816239635
4,49.322918649935175
5,63.74254583021224
6,87.67510670296144
7,423.75645411148093
