chain,value
0,40.80530366324105
1,56.11782312062011
2,151.7600152064579
3,37.16012610854204
4,564.9705139337765
5,397.1761798216703
6,715.9536221335451
7,676.436024445636
