index_0,value
0,26.80440051066098
1,26.359068823296482
