entry,value
0,30.64638670937052
1,30.646386709370642
