index_0,value
0,33.02991649271729
1,33.13214637711956
